wing_mode,broken_wing_extra_width,net_dollar_pnl,profit_factor_by_closed_layer,return_on_capital,max_drawdown_dollars,corridor_occupancy_rate,average_rebuilds_per_day
broken_upper,40.0,491400.05452592595,7131.660295562499,4.914000537037037,-1733.681111111111,0.5903,0.27514814814814814
broken_lower,40.0,464749.54075185186,,4.647495416666667,-1123.532037037037,0.5903,0.2788888888888889
broken_lower,20.0,128570.95261666666,2122.520203533333,1.285709537037037,-2054.1450925925924,0.5903,0.37855555555555553
broken_upper,20.0,127581.69109444444,2767.014897576923,1.2758168796296294,-2488.4083333333333,0.5903,0.3781111111111111
symmetric,0.0,85171.25133703704,9326.619377185185,0.8517125462962963,-2829.959351851852,0.5903,0.37833333333333335
